{
  "config": {
    "inputs": [
      {
        "key": "input0",
        "uri": ""
      }
    ],
    "editList": [
      {
        "inputs": ["input0"]
      }
    ],
    "output": {
      "uri": ""
    },
    "elementaryStreams": [
      {
        "key": "sd_video_stream",
        "videoStream": {
          "h264": {
            "bitrateBps": 1500000,
            "frameRate": 30,
            "gopDuration": "4s",
            "heightPixels": 480,
            "widthPixels": 854
          }
        }
      },
      {
        "key": "hd_video_stream",
        "videoStream": {
          "h264": {
            "bitrateBps": 4000000,
            "frameRate": 30,
            "gopDuration": "4s",
            "heightPixels": 720,
            "widthPixels": 1280
          }
        }
      },
      {
        "key": "uhd_video_stream",
        "videoStream": {
          "h264": {
            "bitrateBps": 8000000,
            "frameRate": 30,
            "gopDuration": "4s",
            "heightPixels": 1080,
            "widthPixels": 1920
          }
        }
      },
      {
        "key": "audio_stream",
        "audioStream": {
          "codec": "aac",
          "bitrateBps": 128000,
          "channelCount": 2,
          "sampleRateHertz": 48000
        }
      }
    ],
    "muxStreams": [
      {
        "key": "dash_sd_video",
        "container": "fmp4",
        "elementaryStreams": ["sd_video_stream"],
        "segmentSettings": {
          "segmentDuration": "2s"
        }
      },
      {
        "key": "dash_hd_video",
        "container": "fmp4",
        "elementaryStreams": ["hd_video_stream"],
        "segmentSettings": {
          "segmentDuration": "2s"
        }
      },
      {
        "key": "dash_uhd_video",
        "container": "fmp4",
        "elementaryStreams": ["uhd_video_stream"],
        "segmentSettings": {
          "segmentDuration": "2s"
        }
      },
      {
        "key": "dash_audio",
        "container": "fmp4",
        "elementaryStreams": ["audio_stream"],
        "segmentSettings": {
          "segmentDuration": "2s"
        }
      },
      {
        "key": "hls_sd_video",
        "container": "ts",
        "elementaryStreams": ["sd_video_stream"],
        "segmentSettings": {
          "segmentDuration": "4s"
        }
      },
      {
        "key": "hls_hd_video",
        "container": "ts",
        "elementaryStreams": ["hd_video_stream"],
        "segmentSettings": {
          "segmentDuration": "4s"
        }
      },
      {
        "key": "hls_uhd_video",
        "container": "ts",
        "elementaryStreams": ["uhd_video_stream"],
        "segmentSettings": {
          "segmentDuration": "4s"
        }
      },
      {
        "key": "hls_audio",
        "container": "ts",
        "elementaryStreams": ["audio_stream"],
        "segmentSettings": {
          "segmentDuration": "4s"
        }
      }
    ],
    "manifests": [
      {
        "fileName": "manifest.mpd",
        "type": "DASH",
        "muxStreams": ["dash_sd_video", "dash_hd_video", "dash_uhd_video", "dash_audio"]
      },
      {
        "fileName": "playlist.m3u8",
        "type": "HLS",
        "muxStreams": ["hls_sd_video", "hls_hd_video", "hls_uhd_video", "hls_audio"]
      }
    ]
  }
}
